-- phpMyAdmin SQL Dump
-- version 3.3.9
-- http://www.phpmyadmin.net
--
-- 主机: localhost
-- 生成日期: 2012 年 07 月 13 日 17:30
-- 服务器版本: 5.5.8
-- PHP 版本: 5.3.5

SET SQL_MODE="NO_AUTO_VALUE_ON_ZERO";


/*!40101 SET @OLD_CHARACTER_SET_CLIENT=@@CHARACTER_SET_CLIENT */;
/*!40101 SET @OLD_CHARACTER_SET_RESULTS=@@CHARACTER_SET_RESULTS */;
/*!40101 SET @OLD_COLLATION_CONNECTION=@@COLLATION_CONNECTION */;
/*!40101 SET NAMES utf8 */;

--
-- 数据库: `single30_utility_db`
--

-- --------------------------------------------------------

--
-- 表的结构 `attend_detail`
--

CREATE TABLE IF NOT EXISTS `attend_detail` (
  `attend_detail_id` int(11) NOT NULL AUTO_INCREMENT,
  `attend_id` int(11) NOT NULL,
  `question_id` int(11) NOT NULL,
  `question_seq` smallint(6) NOT NULL,
  `question_score` tinyint(4) NOT NULL,
  `expect_answer` varchar(50) NOT NULL,
  `examinee_answer` varchar(2000) NOT NULL,
  `examinee_score` tinyint(4) DEFAULT NULL,
  `is_mark` tinyint(1) NOT NULL DEFAULT '0',
  `create_at` timestamp NOT NULL DEFAULT '0000-00-00 00:00:00',
  `modify_at` timestamp NOT NULL DEFAULT CURRENT_TIMESTAMP ON UPDATE CURRENT_TIMESTAMP,
  PRIMARY KEY (`attend_detail_id`)
) ENGINE=InnoDB  DEFAULT CHARSET=utf8 AUTO_INCREMENT=37 ;

--
-- 转存表中的数据 `attend_detail`
--

INSERT INTO `attend_detail` (`attend_detail_id`, `attend_id`, `question_id`, `question_seq`, `question_score`, `expect_answer`, `examinee_answer`, `examinee_score`, `is_mark`, `create_at`, `modify_at`) VALUES
(1, 1, 10, 1, 6, '55,', '55,', 6, 0, '2012-07-11 16:01:40', '2012-07-11 16:01:43'),
(2, 1, 21, 2, 5, '88,89,', '88,', 0, 0, '2012-07-11 16:01:40', '2012-07-11 16:01:45'),
(3, 1, 11, 3, 12, '', 'sadfsdfsda', NULL, 0, '2012-07-11 16:01:40', '2012-07-11 16:01:48'),
(4, 1, 16, 4, 16, '', '', 0, 0, '2012-07-11 16:01:40', '2012-07-11 16:01:40'),
(5, 1, 13, 5, 16, '', '', 0, 0, '2012-07-11 16:01:40', '2012-07-11 16:01:40'),
(6, 1, 14, 6, 10, '', '', 0, 0, '2012-07-11 16:01:40', '2012-07-11 16:01:40'),
(7, 1, 18, 7, 6, '', '', 0, 0, '2012-07-11 16:01:40', '2012-07-11 16:01:40'),
(8, 1, 15, 8, 6, '', '', 0, 0, '2012-07-11 16:01:40', '2012-07-11 16:01:40'),
(9, 1, 12, 9, 6, '', '', 0, 0, '2012-07-11 16:01:40', '2012-07-11 16:01:40'),
(10, 1, 17, 10, 6, '', '', 0, 0, '2012-07-11 16:01:40', '2012-07-11 16:01:40'),
(11, 1, 20, 11, 6, '', '', 0, 0, '2012-07-11 16:01:40', '2012-07-11 16:01:40'),
(12, 1, 22, 12, 6, '', '', 0, 0, '2012-07-11 16:01:40', '2012-07-11 16:01:40'),
(13, 2, 10, 1, 6, '55,', '55,', 6, 0, '2012-07-11 16:02:00', '2012-07-11 16:02:12'),
(14, 2, 21, 2, 5, '88,89,', '88,', 0, 0, '2012-07-11 16:02:00', '2012-07-11 16:02:15'),
(15, 2, 11, 3, 12, '', '', NULL, 1, '2012-07-11 16:02:00', '2012-07-11 16:02:18'),
(16, 2, 16, 4, 16, '75,', '74,', 0, 0, '2012-07-11 16:02:00', '2012-07-11 16:02:21'),
(17, 2, 13, 5, 16, '61,', '62,', 0, 0, '2012-07-11 16:02:00', '2012-07-11 16:02:23'),
(18, 2, 14, 6, 10, '65,', '', 0, 0, '2012-07-11 16:02:00', '2012-07-11 16:02:25'),
(19, 2, 18, 7, 6, '82,83,', '83,', 0, 0, '2012-07-11 16:02:00', '2012-07-11 16:02:28'),
(20, 2, 15, 8, 6, '', '', 0, 0, '2012-07-11 16:02:00', '2012-07-11 16:02:00'),
(21, 2, 12, 9, 6, '', '', 0, 0, '2012-07-11 16:02:00', '2012-07-11 16:02:00'),
(22, 2, 17, 10, 6, '', '', 0, 0, '2012-07-11 16:02:00', '2012-07-11 16:02:00'),
(23, 2, 20, 11, 6, '', '', 0, 0, '2012-07-11 16:02:00', '2012-07-11 16:02:00'),
(24, 2, 22, 12, 6, '', '', 0, 0, '2012-07-11 16:02:00', '2012-07-11 16:02:00'),
(25, 3, 10, 1, 6, '55,', '55,', 6, 0, '2012-07-12 09:29:40', '2012-07-12 09:29:45'),
(26, 3, 21, 2, 5, '88,89,', '88,89,', 5, 0, '2012-07-12 09:29:40', '2012-07-12 09:29:50'),
(27, 3, 11, 3, 12, '', '斯蒂芬斯蒂芬斯蒂芬', NULL, 0, '2012-07-12 09:29:40', '2012-07-12 09:29:55'),
(28, 3, 16, 4, 16, '75,', '73,', 0, 0, '2012-07-12 09:29:40', '2012-07-12 09:29:58'),
(29, 3, 13, 5, 16, '61,', '61,', 16, 0, '2012-07-12 09:29:40', '2012-07-12 09:30:00'),
(30, 3, 14, 6, 10, '65,', '66,', 0, 0, '2012-07-12 09:29:40', '2012-07-12 09:30:03'),
(31, 3, 18, 7, 6, '82,83,', '81,82,', 0, 0, '2012-07-12 09:29:40', '2012-07-12 09:30:07'),
(32, 3, 15, 8, 6, '70,', '71,', 0, 0, '2012-07-12 09:29:40', '2012-07-12 09:30:10'),
(33, 3, 12, 9, 6, '58,', '58,', 6, 0, '2012-07-12 09:29:40', '2012-07-12 09:30:13'),
(34, 3, 17, 10, 6, '79,', '78,', 0, 0, '2012-07-12 09:29:40', '2012-07-12 09:30:16'),
(35, 3, 20, 11, 6, '86,', '86,', 6, 0, '2012-07-12 09:29:40', '2012-07-12 09:30:20'),
(36, 3, 22, 12, 6, '92,', '92,', 6, 0, '2012-07-12 09:29:40', '2012-07-12 09:30:32');

-- --------------------------------------------------------

--
-- 表的结构 `attend_head`
--

CREATE TABLE IF NOT EXISTS `attend_head` (
  `attend_id` int(11) NOT NULL AUTO_INCREMENT,
  `examinee_name` varchar(20) NOT NULL,
  `mobile` varchar(20) NOT NULL,
  `id_card` varchar(20) NOT NULL,
  `exam_id` int(11) NOT NULL,
  `not_finish_score` tinyint(1) NOT NULL DEFAULT '0',
  `finish_at` timestamp NOT NULL DEFAULT '0000-00-00 00:00:00',
  `create_at` timestamp NOT NULL DEFAULT '0000-00-00 00:00:00',
  `modify_at` timestamp NOT NULL DEFAULT CURRENT_TIMESTAMP ON UPDATE CURRENT_TIMESTAMP,
  PRIMARY KEY (`attend_id`)
) ENGINE=InnoDB  DEFAULT CHARSET=utf8 AUTO_INCREMENT=4 ;

--
-- 转存表中的数据 `attend_head`
--

INSERT INTO `attend_head` (`attend_id`, `examinee_name`, `mobile`, `id_card`, `exam_id`, `not_finish_score`, `finish_at`, `create_at`, `modify_at`) VALUES
(1, 'a', '1', '2', 4, 1, '0000-00-00 00:00:00', '2012-07-11 16:01:40', '2012-07-11 16:01:40'),
(2, 'b', '1', '2', 4, 1, '2012-07-11 16:03:08', '2012-07-11 16:02:00', '2012-07-11 16:03:08'),
(3, '王红燕', '13916786828', '310228198512345018', 4, 1, '2012-07-12 09:30:38', '2012-07-12 09:29:40', '2012-07-12 09:30:38');

-- --------------------------------------------------------

--
-- 表的结构 `exam`
--

CREATE TABLE IF NOT EXISTS `exam` (
  `exam_id` int(11) NOT NULL AUTO_INCREMENT,
  `paper_id` int(11) NOT NULL,
  `user_id` int(11) NOT NULL,
  `open_datetime` timestamp NOT NULL DEFAULT '0000-00-00 00:00:00',
  `close_datetime` timestamp NOT NULL DEFAULT '0000-00-00 00:00:00',
  `link` varchar(200) NOT NULL,
  `is_active` tinyint(1) NOT NULL DEFAULT '1',
  `create_at` timestamp NOT NULL DEFAULT '0000-00-00 00:00:00',
  `modify_at` timestamp NOT NULL DEFAULT CURRENT_TIMESTAMP ON UPDATE CURRENT_TIMESTAMP,
  PRIMARY KEY (`exam_id`)
) ENGINE=InnoDB  DEFAULT CHARSET=utf8 AUTO_INCREMENT=5 ;

--
-- 转存表中的数据 `exam`
--

INSERT INTO `exam` (`exam_id`, `paper_id`, `user_id`, `open_datetime`, `close_datetime`, `link`, `is_active`, `create_at`, `modify_at`) VALUES
(1, 1, 3, '2012-06-29 09:00:00', '2012-06-30 16:00:00', 'ec329e10a2187480823da', 1, '0000-00-00 00:00:00', '2012-06-29 16:12:53'),
(2, 1, 3, '2012-07-02 10:30:00', '2012-07-02 17:00:00', 'ec329e10a2287480823da', 1, '0000-00-00 00:00:00', '2012-06-29 16:45:31'),
(3, 1, 3, '2012-07-03 00:00:00', '2012-07-07 00:00:00', 'ec329e10a2387480823da', 1, '0000-00-00 00:00:00', '2012-07-06 09:14:28'),
(4, 1, 3, '2012-07-09 00:00:00', '2012-07-14 00:00:00', 'ec329e10a2487480823da', 1, '0000-00-00 00:00:00', '2012-07-09 16:38:24');

-- --------------------------------------------------------

--
-- 表的结构 `exam_paper`
--

CREATE TABLE IF NOT EXISTS `exam_paper` (
  `paper_id` int(11) NOT NULL AUTO_INCREMENT,
  `paper_name` varchar(40) NOT NULL,
  `total_score` smallint(6) NOT NULL,
  `total_mins` smallint(6) NOT NULL,
  `paper_desc` varchar(200) NOT NULL,
  `create_at` timestamp NOT NULL DEFAULT '0000-00-00 00:00:00',
  `modify_at` timestamp NOT NULL DEFAULT CURRENT_TIMESTAMP ON UPDATE CURRENT_TIMESTAMP,
  PRIMARY KEY (`paper_id`)
) ENGINE=InnoDB  DEFAULT CHARSET=utf8 AUTO_INCREMENT=15 ;

--
-- 转存表中的数据 `exam_paper`
--

INSERT INTO `exam_paper` (`paper_id`, `paper_name`, `total_score`, `total_mins`, `paper_desc`, `create_at`, `modify_at`) VALUES
(1, '2012年互联网业务培训试题1', 101, 122, '2012年互联网业务培训试题1，但是福建师大；了福建师大；了解范德萨；老附件撒旦；了福建师大；老附件撒旦；了福建师大；法律框架撒旦；浪费空间都是', '2012-05-23 16:32:57', '2012-06-13 15:32:47'),
(2, '2012年互联网业务培训试题', 100, 120, '2012年互联网业务培训试题', '2012-05-23 16:39:48', '2012-05-23 16:39:48'),
(3, 'safsfsd', 20, 50, 'safsdfsdfsfsdfsdf', '2012-05-23 16:59:33', '2012-05-23 16:59:33'),
(4, 'sdfsdf', 12, 12, 'sdfsdfsdfsdfsdfsd', '2012-05-24 14:39:41', '2012-05-24 14:39:41'),
(5, 'sdfsdfsda', 34, 354, 'sfsdafsadfasd', '2012-05-24 14:48:02', '2012-05-24 14:48:02'),
(6, 'sdfsdf', 4, 5, 'dsfsdfsad', '2012-05-24 14:49:20', '2012-05-24 14:49:20'),
(7, 'sdfsdafsda', 6, 7, 'sdfasdfsadfa', '2012-05-24 14:51:08', '2012-05-24 14:51:08'),
(8, 'sdfasdfsadf', 9, 12, 'sdfsdafsdafsdaf', '2012-05-24 14:51:51', '2012-05-24 14:51:51'),
(9, 'fsdafsdafsda', 9, 6, 'sdafasdfsadfdsaf', '2012-05-24 14:54:16', '2012-05-24 14:54:16'),
(10, 'sdfsdafasd', 7, 7, 'dsfasdfsadf', '2012-05-24 14:55:45', '2012-05-24 14:55:45'),
(11, 'sdfsadfasd', 5, 5, 'dsfsdafsdaf', '2012-05-24 14:59:36', '2012-05-24 14:59:36'),
(12, 'fasdfsadfsd', 6, 7, 'sdfsdafsdafasd', '2012-05-24 15:05:54', '2012-05-24 15:05:54'),
(13, 'sadfsdaf', 45, 12, 'sdfsdlfjsda;ljfsda;lfj', '2012-05-24 16:25:39', '2012-05-24 16:25:39'),
(14, '测试考卷', 100, 45, '这是一个测试考卷', '2012-06-27 10:29:54', '2012-06-27 10:29:54');

-- --------------------------------------------------------

--
-- 表的结构 `input_detail`
--

CREATE TABLE IF NOT EXISTS `input_detail` (
  `input_detail_id` int(11) NOT NULL AUTO_INCREMENT,
  `question_id` int(11) NOT NULL,
  `row_count` smallint(6) NOT NULL,
  `create_at` timestamp NOT NULL DEFAULT '0000-00-00 00:00:00',
  `modify_at` timestamp NOT NULL DEFAULT CURRENT_TIMESTAMP ON UPDATE CURRENT_TIMESTAMP,
  PRIMARY KEY (`input_detail_id`)
) ENGINE=InnoDB  DEFAULT CHARSET=utf8 AUTO_INCREMENT=7 ;

--
-- 转存表中的数据 `input_detail`
--

INSERT INTO `input_detail` (`input_detail_id`, `question_id`, `row_count`, `create_at`, `modify_at`) VALUES
(1, 5, 10, '2012-06-04 11:42:57', '2012-06-04 11:42:57'),
(2, 6, 10, '2012-06-04 14:08:59', '2012-06-04 14:08:59'),
(3, 7, 30, '2012-06-04 14:09:23', '2012-06-04 14:09:23'),
(4, 11, 10, '2012-06-05 16:28:24', '2012-06-06 14:26:43'),
(5, 19, 10, '2012-06-15 16:59:33', '2012-06-15 16:59:33'),
(6, 25, 10, '2012-06-27 10:31:27', '2012-06-27 10:31:27');

-- --------------------------------------------------------

--
-- 表的结构 `major_research`
--

CREATE TABLE IF NOT EXISTS `major_research` (
  `major_research_id` int(11) NOT NULL AUTO_INCREMENT,
  `gender` char(1) NOT NULL,
  `major` varchar(15) NOT NULL,
  `highest_edu` char(2) NOT NULL,
  `work_year` tinyint(4) NOT NULL,
  `job` varchar(15) NOT NULL,
  `school_help` varchar(10) NOT NULL,
  `info_source` varchar(10) NOT NULL,
  `understand_level` varchar(10) NOT NULL,
  `major_imagine_diff` varchar(10) NOT NULL,
  `job_major_match` varchar(10) NOT NULL,
  `major_important` varchar(10) NOT NULL,
  `choose_current_major` char(1) NOT NULL,
  `choose_major` varchar(15) NOT NULL,
  `change_reason` varchar(30) NOT NULL,
  `create_at` timestamp NOT NULL DEFAULT '0000-00-00 00:00:00',
  `modify_at` timestamp NOT NULL DEFAULT CURRENT_TIMESTAMP ON UPDATE CURRENT_TIMESTAMP,
  PRIMARY KEY (`major_research_id`)
) ENGINE=InnoDB  DEFAULT CHARSET=utf8 AUTO_INCREMENT=8 ;

--
-- 转存表中的数据 `major_research`
--

INSERT INTO `major_research` (`major_research_id`, `gender`, `major`, `highest_edu`, `work_year`, `job`, `school_help`, `info_source`, `understand_level`, `major_imagine_diff`, `job_major_match`, `major_important`, `choose_current_major`, `choose_major`, `change_reason`, `create_at`, `modify_at`) VALUES
(1, '女', '景观设计', '本科', 6, '景观设计', '完全没用', '父母的意见', '不太了解', '有些不同', '很少匹配', '非常重要', '是', '', '', '2012-04-30 20:18:43', '2012-04-30 20:18:43'),
(2, '男', '力学', '本科', 10, 'Business Analys', '完全没用', '学校组织的指导', '不太了解', '很不一样', '完全没关系', '非常重要', '否', '金融', '不喜欢原专业', '2012-04-30 22:05:58', '2012-05-04 15:03:01'),
(3, '男', '软件工程', '本科', 5, '软件工程师', '很有作用', '学校组织的指导', '较为了解', '基本一致', '较为匹配', '较为重要', '是', '', '', '2012-05-01 23:01:25', '2012-05-01 23:01:25'),
(4, '男', '通信工程', '硕士', 4, '软件工程师', '完全没用', '父母的意见', '不太了解', '很不一样', '很少匹配', '较为重要', '否', '计算机', '不喜欢原专业', '2012-05-04 15:01:00', '2012-05-04 15:01:00'),
(5, '女', '英语', '本科', 7, '文档工程师', '有些作用', '同学之间讨论', '较为了解', '基本一致', '较为匹配', '较为重要', '否', '心理学', '其他原因', '2012-05-04 15:45:35', '2012-05-04 15:45:35'),
(6, '男', '计算科学', '本科', 0, '学生', '完全没用', '自己查资料研究', '较为了解', '基本一致', '很少匹配', '不太重要', '是', '', '', '2012-05-04 22:21:50', '2012-05-07 09:53:27'),
(7, '男', '计算机科学与技术', '本科', 5, '软件工程师', '比没有强', '自己查资料研究', '较为了解', '有些不同', '较为匹配', '较为重要', '是', '', '', '2012-05-07 09:20:51', '2012-05-07 09:20:51');

-- --------------------------------------------------------

--
-- 表的结构 `option_detail`
--

CREATE TABLE IF NOT EXISTS `option_detail` (
  `option_detail_id` int(11) NOT NULL AUTO_INCREMENT,
  `question_id` int(11) NOT NULL,
  `item_name` varchar(100) NOT NULL,
  `correct_value` tinyint(4) NOT NULL,
  `create_at` timestamp NOT NULL DEFAULT '0000-00-00 00:00:00',
  `modify_at` timestamp NOT NULL DEFAULT CURRENT_TIMESTAMP ON UPDATE CURRENT_TIMESTAMP,
  PRIMARY KEY (`option_detail_id`)
) ENGINE=InnoDB  DEFAULT CHARSET=utf8 AUTO_INCREMENT=103 ;

--
-- 转存表中的数据 `option_detail`
--

INSERT INTO `option_detail` (`option_detail_id`, `question_id`, `item_name`, `correct_value`, `create_at`, `modify_at`) VALUES
(1, 1, 'a', 0, '2012-06-02 09:17:04', '2012-06-02 09:17:04'),
(2, 1, 'b', 0, '2012-06-02 09:17:04', '2012-06-02 09:17:04'),
(3, 1, 'c', 1, '2012-06-02 09:17:04', '2012-06-02 09:17:04'),
(4, 1, 'd', 0, '2012-06-02 09:17:04', '2012-06-02 09:17:04'),
(5, 2, 'b', 0, '2012-06-02 09:17:23', '2012-06-02 09:17:23'),
(6, 2, 'b', 1, '2012-06-02 09:17:23', '2012-06-02 09:17:23'),
(7, 2, 'b', 0, '2012-06-02 09:17:23', '2012-06-02 09:17:23'),
(8, 2, 'b', 1, '2012-06-02 09:17:23', '2012-06-02 09:17:23'),
(9, 2, 'b', 0, '2012-06-02 09:17:23', '2012-06-02 09:17:23'),
(10, 2, 'b', 1, '2012-06-02 09:17:23', '2012-06-02 09:17:23'),
(11, 2, 'b', 0, '2012-06-02 09:17:23', '2012-06-02 09:17:23'),
(12, 3, 'c', 0, '2012-06-03 21:04:57', '2012-06-03 21:04:57'),
(13, 3, 'c', 1, '2012-06-03 21:04:57', '2012-06-03 21:04:57'),
(14, 3, 'c', 0, '2012-06-03 21:04:57', '2012-06-03 21:04:57'),
(15, 3, 'c', 1, '2012-06-03 21:04:57', '2012-06-03 21:04:57'),
(16, 3, 'c', 0, '2012-06-03 21:04:57', '2012-06-03 21:04:57'),
(17, 4, 'd', 0, '2012-06-03 21:10:36', '2012-06-03 21:10:36'),
(18, 4, 'd', 0, '2012-06-03 21:10:36', '2012-06-03 21:10:36'),
(19, 4, 'd', 1, '2012-06-03 21:10:36', '2012-06-03 21:10:36'),
(20, 4, 'd', 0, '2012-06-03 21:10:36', '2012-06-03 21:10:36'),
(21, 8, 'h', 0, '2012-06-04 16:50:31', '2012-06-04 16:50:31'),
(22, 8, 'h', 0, '2012-06-04 16:50:31', '2012-06-04 16:50:31'),
(23, 8, 'h', 1, '2012-06-04 16:50:31', '2012-06-04 16:50:31'),
(24, 8, 'h', 0, '2012-06-04 16:50:31', '2012-06-04 16:50:31'),
(25, 9, 'a', 0, '2012-06-05 11:25:45', '2012-06-05 11:25:45'),
(26, 9, 'a', 0, '2012-06-05 11:25:45', '2012-06-05 11:25:45'),
(27, 9, 'a', 1, '2012-06-05 11:25:45', '2012-06-05 11:25:45'),
(28, 9, 'a', 0, '2012-06-05 11:25:45', '2012-06-05 11:25:45'),
(55, 10, 'v-edit24', 1, '2012-06-15 10:55:14', '2012-06-15 10:55:14'),
(56, 10, 'v-edit1', 0, '2012-06-15 10:55:14', '2012-06-15 10:55:14'),
(57, 12, 'a', 0, '2012-06-15 11:22:15', '2012-06-15 11:22:15'),
(58, 12, 'b', 1, '2012-06-15 11:22:15', '2012-06-15 11:22:15'),
(59, 12, 'c', 0, '2012-06-15 11:22:15', '2012-06-15 11:22:15'),
(60, 12, 'd', 0, '2012-06-15 11:22:15', '2012-06-15 11:22:15'),
(61, 13, 'g', 1, '2012-06-15 11:22:27', '2012-06-15 11:22:27'),
(62, 13, 'h', 0, '2012-06-15 11:22:27', '2012-06-15 11:22:27'),
(63, 13, 'j', 0, '2012-06-15 11:22:27', '2012-06-15 11:22:27'),
(64, 13, 'k', 0, '2012-06-15 11:22:27', '2012-06-15 11:22:27'),
(65, 14, 'd', 1, '2012-06-15 11:22:39', '2012-06-15 11:22:39'),
(66, 14, 'u', 0, '2012-06-15 11:22:39', '2012-06-15 11:22:39'),
(67, 14, 'k', 0, '2012-06-15 11:22:39', '2012-06-15 11:22:39'),
(68, 14, 'i', 0, '2012-06-15 11:22:39', '2012-06-15 11:22:39'),
(69, 15, 'p', 0, '2012-06-15 11:22:51', '2012-06-15 11:22:51'),
(70, 15, 'p', 1, '2012-06-15 11:22:51', '2012-06-15 11:22:51'),
(71, 15, 'p', 0, '2012-06-15 11:22:51', '2012-06-15 11:22:51'),
(72, 15, 'p', 0, '2012-06-15 11:22:51', '2012-06-15 11:22:51'),
(73, 16, 'q', 0, '2012-06-15 11:23:01', '2012-06-15 11:23:01'),
(74, 16, 'q', 0, '2012-06-15 11:23:01', '2012-06-15 11:23:01'),
(75, 16, 'q', 1, '2012-06-15 11:23:01', '2012-06-15 11:23:01'),
(76, 16, 'q', 0, '2012-06-15 11:23:01', '2012-06-15 11:23:01'),
(77, 17, 'w', 0, '2012-06-15 11:23:09', '2012-06-15 11:23:09'),
(78, 17, 'w', 0, '2012-06-15 11:23:09', '2012-06-15 11:23:09'),
(79, 17, 'w', 1, '2012-06-15 11:23:09', '2012-06-15 11:23:09'),
(80, 17, 'w', 0, '2012-06-15 11:23:09', '2012-06-15 11:23:09'),
(81, 18, 'z', 0, '2012-06-15 16:59:24', '2012-06-15 16:59:24'),
(82, 18, 'z', 1, '2012-06-15 16:59:24', '2012-06-15 16:59:24'),
(83, 18, 'z', 1, '2012-06-15 16:59:24', '2012-06-15 16:59:24'),
(84, 18, 'z', 0, '2012-06-15 16:59:24', '2012-06-15 16:59:24'),
(85, 20, 'd', 0, '2012-06-18 11:13:31', '2012-06-18 11:13:31'),
(86, 20, 'd', 1, '2012-06-18 11:13:31', '2012-06-18 11:13:31'),
(87, 20, 'd', 0, '2012-06-18 11:13:31', '2012-06-18 11:13:31'),
(88, 21, 't', 1, '2012-06-18 11:14:06', '2012-06-18 11:14:06'),
(89, 21, 't', 1, '2012-06-18 11:14:06', '2012-06-18 11:14:06'),
(90, 21, 't', 0, '2012-06-18 11:14:06', '2012-06-18 11:14:06'),
(91, 22, 'z', 0, '2012-06-18 11:14:57', '2012-06-18 11:14:57'),
(92, 22, 'z', 1, '2012-06-18 11:14:57', '2012-06-18 11:14:57'),
(93, 22, 'z', 0, '2012-06-18 11:14:57', '2012-06-18 11:14:57'),
(94, 22, 'z', 0, '2012-06-18 11:14:57', '2012-06-18 11:14:57'),
(95, 23, 'a', 0, '2012-06-27 10:30:46', '2012-06-27 10:30:47'),
(96, 23, 'b', 1, '2012-06-27 10:30:46', '2012-06-27 10:30:47'),
(97, 23, 'c', 0, '2012-06-27 10:30:46', '2012-06-27 10:30:47'),
(98, 23, 'd', 0, '2012-06-27 10:30:46', '2012-06-27 10:30:47'),
(99, 24, 'aa', 0, '2012-06-27 10:31:14', '2012-06-27 10:31:14'),
(100, 24, 'bb', 1, '2012-06-27 10:31:14', '2012-06-27 10:31:14'),
(101, 24, 'cc', 0, '2012-06-27 10:31:14', '2012-06-27 10:31:14'),
(102, 24, 'dd', 1, '2012-06-27 10:31:14', '2012-06-27 10:31:14');

-- --------------------------------------------------------

--
-- 表的结构 `paper_question`
--

CREATE TABLE IF NOT EXISTS `paper_question` (
  `paper_question_id` int(11) NOT NULL AUTO_INCREMENT,
  `paper_id` int(11) NOT NULL,
  `question_id` int(11) NOT NULL,
  `question_seq` smallint(6) NOT NULL,
  `question_score` tinyint(4) NOT NULL DEFAULT '0',
  `create_at` timestamp NOT NULL DEFAULT '0000-00-00 00:00:00',
  `modify_at` timestamp NOT NULL DEFAULT CURRENT_TIMESTAMP ON UPDATE CURRENT_TIMESTAMP,
  PRIMARY KEY (`paper_question_id`)
) ENGINE=InnoDB  DEFAULT CHARSET=utf8 AUTO_INCREMENT=17 ;

--
-- 转存表中的数据 `paper_question`
--

INSERT INTO `paper_question` (`paper_question_id`, `paper_id`, `question_id`, `question_seq`, `question_score`, `create_at`, `modify_at`) VALUES
(1, 1, 10, 1, 6, '2012-06-05 13:58:52', '2012-06-19 09:29:45'),
(2, 1, 11, 3, 12, '2012-06-05 16:28:24', '2012-06-19 11:17:41'),
(3, 1, 12, 9, 6, '2012-06-15 11:22:15', '2012-06-19 11:17:41'),
(4, 1, 13, 5, 16, '2012-06-15 11:22:27', '2012-06-27 13:27:49'),
(5, 1, 14, 6, 10, '2012-06-15 11:22:39', '2012-06-27 13:27:58'),
(6, 1, 15, 8, 6, '2012-06-15 11:22:51', '2012-06-19 11:17:41'),
(7, 1, 16, 4, 16, '2012-06-15 11:23:01', '2012-06-27 13:27:47'),
(8, 1, 17, 10, 6, '2012-06-15 11:23:09', '2012-06-19 11:17:41'),
(9, 1, 18, 7, 6, '2012-06-15 16:59:24', '2012-06-19 11:17:41'),
(11, 1, 20, 11, 6, '2012-06-18 11:13:31', '2012-06-19 11:17:41'),
(12, 1, 21, 2, 5, '2012-06-18 11:14:06', '2012-06-27 13:28:01'),
(13, 1, 22, 12, 6, '2012-06-18 11:14:57', '2012-06-19 09:29:45'),
(14, 14, 23, 1, 0, '2012-06-27 10:30:46', '2012-06-27 10:30:47'),
(15, 14, 24, 2, 0, '2012-06-27 10:31:14', '2012-06-27 10:31:14'),
(16, 14, 25, 3, 0, '2012-06-27 10:31:27', '2012-06-27 10:31:27');

-- --------------------------------------------------------

--
-- 表的结构 `question_head`
--

CREATE TABLE IF NOT EXISTS `question_head` (
  `question_id` int(11) NOT NULL AUTO_INCREMENT,
  `question_name` varchar(400) NOT NULL,
  `question_type` varchar(20) NOT NULL,
  `create_at` timestamp NOT NULL DEFAULT '0000-00-00 00:00:00',
  `modify_at` timestamp NOT NULL DEFAULT CURRENT_TIMESTAMP ON UPDATE CURRENT_TIMESTAMP,
  PRIMARY KEY (`question_id`)
) ENGINE=InnoDB  DEFAULT CHARSET=utf8 AUTO_INCREMENT=26 ;

--
-- 转存表中的数据 `question_head`
--

INSERT INTO `question_head` (`question_id`, `question_name`, `question_type`, `create_at`, `modify_at`) VALUES
(1, 'a', 'radio', '2012-06-02 09:17:04', '2012-06-02 09:17:04'),
(2, 'b', 'checkbox', '2012-06-02 09:17:23', '2012-06-02 09:17:23'),
(3, 'ccc', 'checkbox', '2012-06-03 21:04:57', '2012-06-03 21:04:57'),
(4, 'ddd', 'radio', '2012-06-03 21:10:36', '2012-06-03 21:10:36'),
(5, 'eee', 'textarea', '2012-06-04 11:42:57', '2012-06-04 11:42:57'),
(6, 'fff', 'textarea', '2012-06-04 14:08:59', '2012-06-04 14:08:59'),
(7, 'ggg', 'textarea', '2012-06-04 14:09:23', '2012-06-04 14:09:23'),
(8, 'hhh', 'radio', '2012-06-04 16:50:31', '2012-06-04 16:50:31'),
(9, 'aaa', 'radio', '2012-06-05 11:25:44', '2012-06-05 11:25:44'),
(10, 'vvv-edit1-edit2-edit3', 'radio', '2012-06-05 13:58:51', '2012-06-06 14:35:34'),
(11, 'sdf;lsdjflsdjflkkkkkkkkkkkkkkkkkkkkkkkkkkkkkkkkkkkkkkkkkkkkkkkkkkkkk-edit1-edit2', 'textarea', '2012-06-05 16:28:24', '2012-06-06 14:45:07'),
(12, 'sdfsdalf;jsdal;fjsdal', 'radio', '2012-06-15 11:22:15', '2012-06-15 11:22:15'),
(13, 'sdfsdfsdalkfjslda', 'radio', '2012-06-15 11:22:27', '2012-06-15 11:22:27'),
(14, 'sdfsdafasdfsadfasd', 'radio', '2012-06-15 11:22:39', '2012-06-15 11:22:39'),
(15, 'reyt', 'radio', '2012-06-15 11:22:51', '2012-06-15 11:22:51'),
(16, 'p', 'radio', '2012-06-15 11:23:01', '2012-06-15 11:23:01'),
(17, 'w', 'radio', '2012-06-15 11:23:09', '2012-06-15 11:23:09'),
(18, 'z', 'checkbox', '2012-06-15 16:59:24', '2012-06-15 16:59:24'),
(19, 'y', 'textarea', '2012-06-15 16:59:33', '2012-06-15 16:59:33'),
(20, 'd', 'radio', '2012-06-18 11:13:31', '2012-06-18 11:13:31'),
(21, 't', 'checkbox', '2012-06-18 11:14:06', '2012-06-18 11:14:06'),
(22, 'z', 'radio', '2012-06-18 11:14:57', '2012-06-18 11:14:57'),
(23, '测试考题1', 'radio', '2012-06-27 10:30:46', '2012-06-27 10:30:46'),
(24, '测试考题2', 'checkbox', '2012-06-27 10:31:14', '2012-06-27 10:31:14'),
(25, '测试考题3', 'textarea', '2012-06-27 10:31:27', '2012-06-27 10:31:27');

-- --------------------------------------------------------

--
-- 表的结构 `user`
--

CREATE TABLE IF NOT EXISTS `user` (
  `user_id` int(11) NOT NULL AUTO_INCREMENT,
  `user_name` varchar(20) NOT NULL,
  `password` char(40) NOT NULL,
  `email` varchar(50) NOT NULL,
  `is_active` tinyint(1) NOT NULL DEFAULT '0',
  `create_at` timestamp NOT NULL DEFAULT '0000-00-00 00:00:00',
  `modify_at` timestamp NOT NULL DEFAULT CURRENT_TIMESTAMP ON UPDATE CURRENT_TIMESTAMP,
  PRIMARY KEY (`user_id`),
  UNIQUE KEY `email` (`email`)
) ENGINE=InnoDB  DEFAULT CHARSET=utf8 AUTO_INCREMENT=5 ;

--
-- 转存表中的数据 `user`
--

INSERT INTO `user` (`user_id`, `user_name`, `password`, `email`, `is_active`, `create_at`, `modify_at`) VALUES
(3, 'Richard', '7c4a8d09ca3762af61e59520943dc26494f8941b', 'shadow_wu82@163.com', 0, '2012-06-25 16:29:26', '2012-06-25 16:29:26'),
(4, '王晓庆', '7c4a8d09ca3762af61e59520943dc26494f8941b', '363170244@qq.com', 0, '2012-06-28 09:29:44', '2012-06-28 09:29:44');

-- --------------------------------------------------------

--
-- 表的结构 `user_paper`
--

CREATE TABLE IF NOT EXISTS `user_paper` (
  `user_paper_id` int(11) NOT NULL AUTO_INCREMENT,
  `user_id` int(11) NOT NULL,
  `paper_id` int(11) NOT NULL,
  `authority` char(1) NOT NULL DEFAULT 'r',
  `create_at` timestamp NOT NULL DEFAULT '0000-00-00 00:00:00',
  `modify_at` timestamp NOT NULL DEFAULT CURRENT_TIMESTAMP ON UPDATE CURRENT_TIMESTAMP,
  PRIMARY KEY (`user_paper_id`)
) ENGINE=InnoDB  DEFAULT CHARSET=utf8 AUTO_INCREMENT=3 ;

--
-- 转存表中的数据 `user_paper`
--

INSERT INTO `user_paper` (`user_paper_id`, `user_id`, `paper_id`, `authority`, `create_at`, `modify_at`) VALUES
(1, 3, 14, 'w', '2012-06-27 10:29:54', '2012-06-27 10:29:54'),
(2, 3, 1, 'w', '2012-06-27 11:32:47', '2012-06-27 11:32:47');
